Dataset name,Region name,Atom name,I: Area Bader charge,I: Average curvature,I: Average curvature-scaled torsion,I: Average net plane curvature,I: Average torsion,I: Deformation (kinetic) energy,I: Deformation (kinetic) negative energy,I: Deformation (kinetic) positive energy,I: Deformation charge,I: Deformation negative charge,I: Deformation negative volume,I: Deformation positive charge,I: Deformation positive volume,I: Deformation volume,I: Electron Density SCF,I: Electron Localization Function SCF,I: Gradient bundle partition function contribution (from IN Te),I: Gradient bundle probability (from IN Te),I: Kinetic Energy Density SCF,I: Solid angle (alpha),I: Te per electron,I: Te per valence electron,I: Valence Bader charge,I: Valence density,I: Volume,I: Volume Bader charge,I: Volume fraction,I: Area Bader charge (boundary),I: Average curvature (boundary),I: Average curvature-scaled torsion (boundary),I: Average net plane curvature (boundary),I: Average torsion (boundary),I: Deformation (kinetic) energy (boundary),I: Deformation (kinetic) negative energy (boundary),I: Deformation (kinetic) positive energy (boundary),I: Deformation charge (boundary),I: Deformation negative charge (boundary),I: Deformation negative volume (boundary),I: Deformation positive charge (boundary),I: Deformation positive volume (boundary),I: Deformation volume (boundary),I: Electron Density SCF (boundary),I: Electron Localization Function SCF (boundary),I: Gradient bundle partition function contribution (from IN Te) (boundary),I: Gradient bundle probability (from IN Te) (boundary),I: Kinetic Energy Density SCF (boundary),I: Solid angle (alpha) (boundary),I: Te per electron (boundary),I: Te per valence electron (boundary),I: Valence Bader charge (boundary),I: Valence density (boundary),I: Volume (boundary),I: Volume Bader charge (boundary),I: Volume fraction (boundary),I: Area Bader charge (with boundary error),I: Average curvature (with boundary error),I: Average curvature-scaled torsion (with boundary error),I: Average net plane curvature (with boundary error),I: Average torsion (with boundary error),I: Deformation (kinetic) energy (with boundary error),I: Deformation (kinetic) negative energy (with boundary error),I: Deformation (kinetic) positive energy (with boundary error),I: Deformation charge (with boundary error),I: Deformation negative charge (with boundary error),I: Deformation negative volume (with boundary error),I: Deformation positive charge (with boundary error),I: Deformation positive volume (with boundary error),I: Deformation volume (with boundary error),I: Electron Density SCF (with boundary error),I: Electron Localization Function SCF (with boundary error),I: Gradient bundle partition function contribution (from IN Te) (with boundary error),I: Gradient bundle probability (from IN Te) (with boundary error),I: Kinetic Energy Density SCF (with boundary error),I: Solid angle (alpha) (with boundary error),I: Te per electron (with boundary error),I: Te per valence electron (with boundary error),I: Valence Bader charge (with boundary error),I: Valence density (with boundary error),I: Volume (with boundary error),I: Volume Bader charge (with boundary error),I: Volume fraction (with boundary error)
cis-1-3-butadiene_EEF00125-z_SP,Bond 5 from INS: Electron Density SCF,C 2: Max (node 6110) from INS: Electron Density SCF,0.029770562,391.66952,9.4767759,247.57679,262.60002,-0.023613881,-0.23383929,0.21022541,-0.034566518,-0.40614221,-9.5504492,0.3715757,5.0813786,-4.4690706,1.8274434,7.4797716,7.7784744,0.30793811,1.8384208,0.30953565,1949.657,3267.5765,0.034566518,1.2083721,21.565727,-0.2890343,0.25640151,0.028951834,7.0995964,0.39241817,3.9113058,2.0519092,-0.018120656,-0.018206917,8.6260865e-05,-0.029234138,-0.029430856,-0.37630662,0.00019671751,0.025598259,-0.35070836,0.080369326,0.40636941,0.60644662,0.02400831,0.09148427,0.018220193,100.56261,188.74154,0.029234138,0.043928939,1.1817776,0.0039337619,0.014050515,0.015294645 +/- 0.014475917,388.11973 +/- 3.5497982,9.2805669 +/- 0.19620909,245.62114 +/- 1.9556529,261.57407 +/- 1.0259546,-0.014553553 +/- 0.0090603281,-0.22473583 +/- 0.0091034586,0.21018228 +/- 4.3130432e-05,-0.019949449 +/- 0.014617069,-0.39142679 +/- 0.014715428,-9.3622959 +/- 0.18815331,0.37147734 +/- 9.8358756e-05,5.0685794 +/- 0.01279913,-4.2937164 +/- 0.17535418,1.7872587 +/- 0.040184663,7.2765869 +/- 0.20318471,7.4752511 +/- 0.30322331,0.29593395 +/- 0.012004155,1.7926787 +/- 0.045742135,0.30042556 +/- 0.0091100966,1899.3757 +/- 50.281304,3173.2057 +/- 94.370769,0.019949449 +/- 0.014617069,1.1864076 +/- 0.02196447,20.974839 +/- 0.59088881,-0.29100118 +/- 0.001966881,0.24937625 +/- 0.0070252573
cis-1-3-butadiene_EEF00125-z_SP,Bond 5 from INS: Kinetic Energy Density SCF,C 2: Max (node 6110) from INS: Kinetic Energy Density SCF,0.040852504,392.78328,9.5812273,248.15225,262.53622,-0.030550011,-0.24077542,0.21022541,-0.045734237,-0.41730993,-9.7135308,0.3715757,5.0813786,-4.6321522,1.8495779,7.5700298,7.9797936,0.31590803,1.8647874,0.31507173,1977.0789,3323.0099,0.045734237,1.2194344,21.868281,-0.28958592,0.25999866,0.032110127,6.8402059,0.41372987,3.6603164,1.9524862,-0.02004053,-0.020123096,8.2566701e-05,-0.032406137,-0.032550799,-0.45000732,0.00014466209,0.017178894,-0.43282843,0.082518525,0.39441765,0.63964182,0.025322458,0.094885665,0.019104775,102.52287,195.24721,0.032406137,0.044308974,1.1740591,0.0012339522,0.013958746,0.02479744 +/- 0.016055063,389.36317 +/- 3.420103,9.3743624 +/- 0.20686494,246.32209 +/- 1.8301582,261.55997 +/- 0.97624312,-0.020529747 +/- 0.010020265,-0.23071387 +/- 0.010061548,0.21018413 +/- 4.1283351e-05,-0.029531168 +/- 0.016203069,-0.40103453 +/- 0.0162754,-9.4885271 +/- 0.22500366,0.37150336 +/- 7.2331043e-05,5.0727891 +/- 0.0085894472,-4.415738 +/- 0.21641421,1.8083186 +/- 0.041259263,7.372821 +/- 0.19720882,7.6599727 +/- 0.31982091,0.3032468 +/- 0.012661229,1.8173446 +/- 0.047442833,0.30551934 +/- 0.0095523877,1925.8174 +/- 51.261434,3225.3863 +/- 97.623604,0.029531168 +/- 0.016203069,1.1972799 +/- 0.022154487,21.281251 +/- 0.58702953,-0.29020289 +/- 0.00061697608,0.25301929 +/- 0.0069793731
cis-1-3-butadiene_EEF00125-z_SP,Bond 5 from INS: Volume,C 2: Max (node 6110) from INS: Volume,-0.046387104,379.28275,8.8303795,241.64875,264.99493,0.02321166,-0.18701375,0.21022541,0.042177937,-0.32939776,-8.2729353,0.3715757,5.0813786,-3.1915568,1.6763695,6.8997784,6.3988703,0.25332165,1.657425,0.27166374,1755.337,2875.2746,-0.042177937,1.133042,19.657864,-0.27405945,0.23371834,0.030536794,6.213614,0.33893886,3.6411095,1.6829558,-0.01923561,-0.019381041,0.00014543019,-0.030806789,-0.03102027,-0.4056637,0.0002134805,0.015362891,-0.39030081,0.074017737,0.36150769,0.61856113,0.024487905,0.085590314,0.017425755,94.853668,183.03263,0.030806789,0.039166227,1.0753656,0.0026943617,0.01278535,-0.061655501 +/- 0.015268397,376.17594 +/- 3.106807,8.66091 +/- 0.16946943,239.82819 +/- 1.8205547,264.15345 +/- 0.84147789,0.032829465 +/- 0.0096178052,-0.17732323 +/- 0.0096905203,0.2101527 +/- 7.2715095e-05,0.057581332 +/- 0.015403395,-0.31388762 +/- 0.015510135,-8.0701035 +/- 0.20283185,0.37146896 +/- 0.00010674025,5.0736971 +/- 0.0076814457,-2.9964064 +/- 0.1951504,1.6393606 +/- 0.037008869,6.7190245 +/- 0.18075385,6.0895897 +/- 0.30928056,0.2410777 +/- 0.012243953,1.6146299 +/- 0.042795157,0.26295086 +/- 0.0087128776,1707.9102 +/- 47.426834,2783.7582 +/- 91.516314,-0.057581332 +/- 0.015403395,1.1134589 +/- 0.019583114,19.120182 +/- 0.53768281,-0.27540664 +/- 0.0013471809,0.22732567 +/- 0.0063926749
cis-1-3-butadiene_EEF00125-z_SP,Bond 6 from INS: Electron Density SCF,full,0.079996596,1825.5468,79.251802,1278.3523,1438.6269,-0.032339876,-0.39722986,0.36488998,-0.029203827,-0.73519535,-18.318897,0.70599153,20.460148,2.1412505,2.7553149,39.486916,3220.4584,1.3084009,2.3977853,1.3058852,5754.2177,7061.0966,0.029203827,2.1435444,75.659047,0.23274448,1.3313432,0.033248663,6.4765499,0.33768001,3.3292391,0.75032657,-0.020941741,-0.02095854,1.6799337e-05,-0.033545014,-0.033590153,-0.41825576,4.5138953e-05,0.021339509,-0.39691625,0.081511774,0.41841204,0.65596092,0.025968506,0.094116582,0.01912674,101.79123,195.38116,0.033545014,0.043258295,1.2118186,0.004934313,0.014407681,0.063372264 +/- 0.016624332,1822.3085 +/- 3.238275,79.082962 +/- 0.16884,1276.6877 +/- 1.6646195,1438.2517 +/- 0.37516328,-0.021869006 +/- 0.01047087,-0.38675059 +/- 0.01047927,0.36488159 +/- 8.3996683e-06,-0.01243132 +/- 0.016772507,-0.71840028 +/- 0.016795076,-18.109769 +/- 0.20912788,0.70596896 +/- 2.2569477e-05,20.449478 +/- 0.010669754,2.3397086 +/- 0.19845813,2.714559 +/- 0.040755887,39.27771 +/- 0.20920602,3220.1304 +/- 0.32798046,1.2954167 +/- 0.012984253,2.350727 +/- 0.047058291,1.2963219 +/- 0.0095633698,5703.3221 +/- 50.895617,6963.406 +/- 97.690578,0.01243132 +/- 0.016772507,2.1219152 +/- 0.021629148,75.053138 +/- 0.60590931,0.23027732 +/- 0.0024671565,1.3241394 +/- 0.0072038406
cis-1-3-butadiene_EEF00125-z_SP,Bond 6 from INS: Electron Density SCF,C 2: Max (node 6132) from INS: Electron Density SCF,0.024464429,349.29868,10.470479,146.53241,101.59042,-0.032339876,-0.23198253,0.19964265,-0.029203826,-0.3995777,-7.5113774,0.37037387,9.6526279,2.1412505,1.810847,10.041682,7.7901657,0.30840095,1.8077355,0.30588524,1936.7482,3243.6271,0.029203826,1.1990765,27.869015,0.17721231,0.33134322,0.033248663,6.4765499,0.33768001,3.3292391,0.75032657,-0.020941741,-0.02095854,1.6799337e-05,-0.033545014,-0.033590153,-0.41825576,4.5138953e-05,0.021339509,-0.39691625,0.081511774,0.41841204,0.65596092,0.025968506,0.094116582,0.01912674,101.79123,195.38116,0.033545014,0.043258295,1.2118186,0.004934313,0.014407681,0.0078400975 +/- 0.016624332,346.06041 +/- 3.238275,10.301639 +/- 0.16884,144.86779 +/- 1.6646195,101.21526 +/- 0.37516328,-0.021869006 +/- 0.01047087,-0.22150326 +/- 0.01047927,0.19963425 +/- 8.3996683e-06,-0.012431319 +/- 0.016772507,-0.38278262 +/- 0.016795076,-7.3022495 +/- 0.20912788,0.3703513 +/- 2.2569477e-05,9.6419581 +/- 0.010669754,2.3397086 +/- 0.19845813,1.7700911 +/- 0.040755887,9.8324763 +/- 0.20920602,7.4621852 +/- 0.32798046,0.29541669 +/- 0.012984253,1.7606772 +/- 0.047058291,0.29632187 +/- 0.0095633698,1885.8526 +/- 50.895617,3145.9365 +/- 97.690578,0.012431319 +/- 0.016772507,1.1774474 +/- 0.021629148,27.263106 +/- 0.60590931,0.17474515 +/- 0.0024671565,0.32413938 +/- 0.0072038406
cis-1-3-butadiene_EEF00125-z_SP,Bond 6 from INS: Electron Density SCF,H 4: Max (node 5458) from INS: Electron Density SCF,0.055532167,1476.2481,68.781323,1131.8199,1337.0364,1.7399238e-10,-0.16524733,0.16524733,-5.6148508e-10,-0.33561766,-10.80752,0.33561766,10.80752,-6.9227326e-09,0.94446783,29.445234,3212.6682,1,0.5900498,1,3817.4695,3817.4695,5.6148508e-10,0.94446783,47.790032,0.055532168,1,0,0,0,0,0,0,0,0,0,0,0,0,0,0,0,0,0,0,0,0,0,0,0,0,0,0,0,0.055532167 +/- 0,1476.2481 +/- 0,68.781323 +/- 0,1131.8199 +/- 0,1337.0364 +/- 0,1.7399238e-10 +/- 0,-0.16524733 +/- 0,0.16524733 +/- 0,-5.6148508e-10 +/- 0,-0.33561766 +/- 0,-10.80752 +/- 0,0.33561766 +/- 0,10.80752 +/- 0,-6.9227326e-09 +/- 0,0.94446783 +/- 0,29.445234 +/- 0,3212.6682 +/- 0,1 +/- 0,0.5900498 +/- 0,1 +/- 0,3817.4695 +/- 0,3817.4695 +/- 0,5.6148508e-10 +/- 0,0.94446783 +/- 0,47.790032 +/- 0,0.055532168 +/- 0,1 +/- 0
cis-1-3-butadiene_EEF00125-z_SP,Bond 6 from INS: Kinetic Energy Density SCF,full,0.078789111,1824.2464,79.194812,1277.9025,1438.6269,-0.032393037,-0.39728302,0.36488998,-0.027984345,-0.73397587,-18.191756,0.70599153,20.460148,2.2683916,2.7518767,39.517257,3220.4721,1.3089448,2.3930745,1.305111,5749.9716,7053.7545,0.027984345,2.1416548,75.721065,0.24060671,1.3320806,0.034281962,6.2899404,0.3231675,3.3461324,0.98164878,-0.021695422,-0.021722882,2.7459977e-05,-0.034583722,-0.034642493,-0.41487015,5.8770529e-05,0.013627772,-0.40124238,0.082573593,0.4270911,0.68060068,0.026943958,0.095463455,0.019475926,103.09163,198.94832,0.034583722,0.043621741,1.2368623,0.0056590037,0.014705433,0.06164813 +/- 0.017140981,1821.1014 +/- 3.1449702,79.033229 +/- 0.16158375,1276.2295 +/- 1.6730662,1438.136 +/- 0.49082439,-0.021545326 +/- 0.010847711,-0.38642158 +/- 0.010861441,0.36487625 +/- 1.3729988e-05,-0.010692484 +/- 0.017291861,-0.71665463 +/- 0.017321246,-17.984321 +/- 0.20743507,0.70596214 +/- 2.9385264e-05,20.453334 +/- 0.0068138861,2.4690128 +/- 0.20062119,2.71059 +/- 0.041286796,39.303711 +/- 0.21354555,3220.1318 +/- 0.34030034,1.2954728 +/- 0.013471979,2.3453428 +/- 0.047731728,1.295373 +/- 0.0097379628,5698.4258 +/- 51.545814,6954.2803 +/- 99.474159,0.010692484 +/- 0.017291861,2.1198439 +/- 0.021810871,75.102634 +/- 0.61843113,0.23777721 +/- 0.0028295019,1.3247279 +/- 0.0073527164
cis-1-3-butadiene_EEF00125-z_SP,Bond 6 from INS: Kinetic Energy Density SCF,C 2: Max (node 6132) from INS: Kinetic Energy Density SCF,0.023256944,347.99831,10.413489,146.08264,101.59042,-0.032393037,-0.23203569,0.19964265,-0.027984344,-0.39835822,-7.3842362,0.37037387,9.6526279,2.2683916,1.8074089,10.072023,7.8039023,0.30894476,1.8030247,0.30511098,1932.5021,3236.285,0.027984344,1.197187,27.931034,0.18507454,0.33208058,0.034281962,6.2899404,0.3231675,3.3461324,0.98164878,-0.021695422,-0.021722882,2.7459977e-05,-0.034583722,-0.034642493,-0.41487015,5.8770529e-05,0.013627772,-0.40124238,0.082573593,0.4270911,0.68060068,0.026943958,0.095463455,0.019475926,103.09163,198.94832,0.034583722,0.043621741,1.2368623,0.0056590037,0.014705433,0.0061159629 +/- 0.017140981,344.85334 +/- 3.1449702,10.251905 +/- 0.16158375,144.40957 +/- 1.6730662,101.0996 +/- 0.49082439,-0.021545326 +/- 0.010847711,-0.22117425 +/- 0.010861441,0.19962892 +/- 1.3729988e-05,-0.010692483 +/- 0.017291861,-0.38103697 +/- 0.017321246,-7.1768011 +/- 0.20743507,0.37034449 +/- 2.9385264e-05,9.645814 +/- 0.0068138861,2.4690128 +/- 0.20062119,1.7661221 +/- 0.041286796,9.8584777 +/- 0.21354555,7.4636019 +/- 0.34030034,0.29547278 +/- 0.013471979,1.755293 +/- 0.047731728,0.29537301 +/- 0.0097379628,1880.9563 +/- 51.545814,3136.8108 +/- 99.474159,0.010692483 +/- 0.017291861,1.1753761 +/- 0.021810871,27.312602 +/- 0.61843113,0.18224504 +/- 0.0028295019,0.32472786 +/- 0.0073527164
cis-1-3-butadiene_EEF00125-z_SP,Bond 6 from INS: Kinetic Energy Density SCF,H 4: Max (node 5458) from INS: Kinetic Energy Density SCF,0.055532167,1476.2481,68.781323,1131.8199,1337.0364,1.7399238e-10,-0.16524733,0.16524733,-5.6148508e-10,-0.33561766,-10.80752,0.33561766,10.80752,-6.9227326e-09,0.94446783,29.445234,3212.6682,1,0.5900498,1,3817.4695,3817.4695,5.6148508e-10,0.94446783,47.790032,0.055532168,1,0,0,0,0,0,0,0,0,0,0,0,0,0,0,0,0,0,0,0,0,0,0,0,0,0,0,0,0.055532167 +/- 0,1476.2481 +/- 0,68.781323 +/- 0,1131.8199 +/- 0,1337.0364 +/- 0,1.7399238e-10 +/- 0,-0.16524733 +/- 0,0.16524733 +/- 0,-5.6148508e-10 +/- 0,-0.33561766 +/- 0,-10.80752 +/- 0,0.33561766 +/- 0,10.80752 +/- 0,-6.9227326e-09 +/- 0,0.94446783 +/- 0,29.445234 +/- 0,3212.6682 +/- 0,1 +/- 0,0.5900498 +/- 0,1 +/- 0,3817.4695 +/- 0,3817.4695 +/- 0,5.6148508e-10 +/- 0,0.94446783 +/- 0,47.790032 +/- 0,0.055532168 +/- 0,1 +/- 0
cis-1-3-butadiene_EEF00125-z_SP,Bond 6 from INS: Volume,full,0.06352367,1827.2382,79.240904,1279.4615,1438.6269,-0.020384065,-0.38527405,0.36488998,-0.012625247,-0.71861677,-18.375561,0.70599153,20.460148,2.0845869,2.7308738,39.252524,3220.0985,1.2941519,2.3687209,1.2990662,5720.7584,6986.1787,0.012625247,2.1327413,75.028842,0.21222941,1.3238505,0.028214547,6.9454225,0.34970528,3.89569,2.1400687,-0.017713637,-0.017778511,6.4873995e-05,-0.028489914,-0.028638066,-0.37745584,0.00014815236,0.039992236,-0.3374636,0.078420219,0.40116967,0.56430759,0.022340089,0.089197921,0.017772461,94.484511,176.59891,0.028489914,0.042875297,1.157364,0.0041413005,0.013760253,0.049416397 +/- 0.014107273,1823.7655 +/- 3.4727113,79.066052 +/- 0.17485264,1277.5137 +/- 1.947845,1437.5568 +/- 1.0700343,-0.011527246 +/- 0.0088568186,-0.37638479 +/- 0.0088892556,0.36485755 +/- 3.2436998e-05,0.0016197103 +/- 0.014244957,-0.70429774 +/- 0.014319033,-18.186833 +/- 0.18872792,0.70591745 +/- 7.4076178e-05,20.440152 +/- 0.019996118,2.2533187 +/- 0.1687318,2.6916636 +/- 0.039210109,39.051939 +/- 0.20058484,3219.8163 +/- 0.28215379,1.2829819 +/- 0.011170044,2.3241219 +/- 0.04459896,1.29018 +/- 0.0088862305,5673.5161 +/- 47.242256,6897.8793 +/- 88.299454,-0.0016197103 +/- 0.014244957,2.1113036 +/- 0.021437648,74.45016 +/- 0.57868198,0.21015876 +/- 0.0020706503,1.3169704 +/- 0.0068801266
cis-1-3-butadiene_EEF00125-z_SP,Bond 6 from INS: Volume,C 2: Max (node 6134) from INS: Volume,0.007991503,350.99012,10.459581,147.64164,101.59042,-0.020384065,-0.22002672,0.19964265,-0.012625246,-0.38299912,-7.5680409,0.37037387,9.6526279,2.0845869,1.7864059,9.8072901,7.430237,0.29415191,1.7786711,0.29906624,1903.2888,3168.7092,0.012625246,1.1882734,27.238811,0.15669724,0.32385053,0.028214547,6.9454225,0.34970528,3.89569,2.1400687,-0.017713637,-0.017778511,6.4873995e-05,-0.028489914,-0.028638066,-0.37745584,0.00014815236,0.039992236,-0.3374636,0.078420219,0.40116967,0.56430759,0.022340089,0.089197921,0.017772461,94.484511,176.59891,0.028489914,0.042875297,1.157364,0.0041413005,0.013760253,-0.0061157704 +/- 0.014107273,347.51741 +/- 3.4727113,10.284729 +/- 0.17485264,145.69379 +/- 1.947845,100.52039 +/- 1.0700343,-0.011527246 +/- 0.0088568186,-0.21113746 +/- 0.0088892556,0.19961022 +/- 3.2436998e-05,0.0016197109 +/- 0.014244957,-0.36868008 +/- 0.014319033,-7.379313 +/- 0.18872792,0.3702998 +/- 7.4076178e-05,9.6326317 +/- 0.019996118,2.2533187 +/- 0.1687318,1.7471958 +/- 0.039210109,9.6067053 +/- 0.20058484,7.1480832 +/- 0.28215379,0.28298187 +/- 0.011170044,1.7340721 +/- 0.04459896,0.29018001 +/- 0.0088862305,1856.0466 +/- 47.242256,3080.4098 +/- 88.299454,-0.0016197109 +/- 0.014244957,1.1668358 +/- 0.021437648,26.660129 +/- 0.57868198,0.15462659 +/- 0.0020706503,0.3169704 +/- 0.0068801266
cis-1-3-butadiene_EEF00125-z_SP,Bond 6 from INS: Volume,H 4: Max (node 5458) from INS: Volume,0.055532167,1476.2481,68.781323,1131.8199,1337.0364,1.7399238e-10,-0.16524733,0.16524733,-5.6148508e-10,-0.33561766,-10.80752,0.33561766,10.80752,-6.9227326e-09,0.94446783,29.445234,3212.6682,1,0.5900498,1,3817.4695,3817.4695,5.6148508e-10,0.94446783,47.790032,0.055532168,1,0,0,0,0,0,0,0,0,0,0,0,0,0,0,0,0,0,0,0,0,0,0,0,0,0,0,0,0.055532167 +/- 0,1476.2481 +/- 0,68.781323 +/- 0,1131.8199 +/- 0,1337.0364 +/- 0,1.7399238e-10 +/- 0,-0.16524733 +/- 0,0.16524733 +/- 0,-5.6148508e-10 +/- 0,-0.33561766 +/- 0,-10.80752 +/- 0,0.33561766 +/- 0,10.80752 +/- 0,-6.9227326e-09 +/- 0,0.94446783 +/- 0,29.445234 +/- 0,3212.6682 +/- 0,1 +/- 0,0.5900498 +/- 0,1 +/- 0,3817.4695 +/- 0,3817.4695 +/- 0,5.6148508e-10 +/- 0,0.94446783 +/- 0,47.790032 +/- 0,0.055532168 +/- 0,1 +/- 0
cis-1-3-butadiene_EEF00125-z_SP,Bond 7 from INS: Electron Density SCF,full,-0.13716378,824.28546,25.566868,449.90114,896.09487,0.12010976,-0.54033903,0.66044878,0.11632374,-0.96477835,-21.773355,1.0811021,23.25663,1.4832755,4.7758592,30.564424,19.122899,0.7634879,4.7650827,0.7731159,4906.768,8193.4334,-0.11632374,3.2296274,71.905972,-0.022814366,0.79217413,0.073239273,16.224055,0.92173679,7.9607946,12.564544,-0.045441752,-0.04565782,0.00021606778,-0.074415968,-0.074821685,-1.1574166,0.00040571718,0.063049199,-1.0943674,0.19024754,1.0484238,1.4482528,0.0578117,0.21840623,0.043914469,234.77967,444.40272,0.074415968,0.1024186,2.9014782,0.0013930941,0.031940106,-0.17378342 +/- 0.036619636,816.17343 +/- 8.1120275,25.105999 +/- 0.46086839,445.92074 +/- 3.9803973,889.8126 +/- 6.2822718,0.14283063 +/- 0.022720876,-0.51751012 +/- 0.02282891,0.66034075 +/- 0.00010803389,0.15353173 +/- 0.037207984,-0.92736751 +/- 0.037410842,-21.194646 +/- 0.57870828,1.0808992 +/- 0.00020285859,23.225106 +/- 0.0315246,2.0304592 +/- 0.54718368,4.6807354 +/- 0.095123771,30.040213 +/- 0.52421188,18.398773 +/- 0.72412638,0.73458205 +/- 0.02890585,4.6558796 +/- 0.10920312,0.75115866 +/- 0.021957234,4789.3781 +/- 117.38983,7971.232 +/- 222.20136,-0.15353173 +/- 0.037207984,3.1784181 +/- 0.051209302,70.455233 +/- 1.4507391,-0.023510913 +/- 0.00069654704,0.77620408 +/- 0.015970053
cis-1-3-butadiene_EEF00125-z_SP,Bond 7 from INS: Electron Density SCF,C 1: Max (node 6096) from INS: Electron Density SCF,-0.067434758,445.30588,13.721748,256.65875,664.73868,0.064155999,-0.2629293,0.3270853,0.0525534,-0.47925879,-12.099809,0.53181219,11.255264,-0.84454463,2.3986555,16.206165,9.4316761,0.37982695,2.3956648,0.38853679,2456.3037,4086.5525,-0.0525534,1.6215819,37.231509,-0.11914232,0.37991886,0.03547424,8.1617411,0.48293054,3.6745953,10.706894,-0.021763245,-0.021849053,8.5808634e-05,-0.036307675,-0.036447545,-0.64191702,0.00013986962,0.026571092,-0.61534592,0.095086489,0.57539925,0.69927818,0.028160923,0.10881362,0.021760122,116.90591,218.76988,0.036307675,0.051566246,1.5171151,-0.0022005465,0.015480991,-0.085171878 +/- 0.01773712,441.22501 +/- 4.0808705,13.480283 +/- 0.24146527,254.82145 +/- 1.8372977,659.38523 +/- 5.3534469,0.075037621 +/- 0.010881622,-0.25200477 +/- 0.010924527,0.32704239 +/- 4.2904317e-05,0.070707237 +/- 0.018153837,-0.46103502 +/- 0.018223772,-11.77885 +/- 0.32095851,0.53174226 +/- 6.9934811e-05,11.241979 +/- 0.013285546,-0.53687167 +/- 0.30767296,2.3511123 +/- 0.047543245,15.918465 +/- 0.28769962,9.0820371 +/- 0.34963909,0.36574649 +/- 0.014080461,2.341258 +/- 0.054406809,0.37765673 +/- 0.010880061,2397.8508 +/- 58.452956,3977.1675 +/- 109.38494,-0.070707237 +/- 0.018153837,1.5957988 +/- 0.025783123,36.472951 +/- 0.75855754,-0.11804205 +/- 0.0011002733,0.37217837 +/- 0.0077404953
cis-1-3-butadiene_EEF00125-z_SP,Bond 7 from INS: Electron Density SCF,C 2: Max (node 6166) from INS: Electron Density SCF,-0.069729023,378.97958,11.84512,193.24239,231.35619,0.055953757,-0.27740973,0.33336349,0.063770343,-0.48551956,-9.6735458,0.5492899,12.001366,2.3278201,2.3772037,14.35826,9.6912231,0.38366095,2.3694179,0.38457911,2450.4642,4106.8809,-0.063770343,1.6080454,34.674463,0.096327956,0.41225527,0.037765033,8.062314,0.43880625,4.2861993,1.8576497,-0.023678507,-0.023808766,0.00013025914,-0.038108293,-0.03837414,-0.51549955,0.00026584756,0.036478107,-0.47902144,0.095161052,0.47302451,0.74897459,0.029650778,0.10959262,0.022154347,117.87376,225.63284,0.038108293,0.050852357,1.3843631,0.0035936406,0.016459115,-0.088611539 +/- 0.018882516,374.94843 +/- 4.031157,11.625716 +/- 0.21940312,191.09929 +/- 2.1430997,230.42737 +/- 0.92882486,0.067793011 +/- 0.011839254,-0.26550535 +/- 0.011904383,0.33329836 +/- 6.5129571e-05,0.082824489 +/- 0.019054146,-0.46633249 +/- 0.01918707,-9.4157961 +/- 0.25774977,0.54915698 +/- 0.00013292378,11.983127 +/- 0.018239054,2.5673308 +/- 0.23951072,2.3296231 +/- 0.047580526,14.121748 +/- 0.23651226,9.3167358 +/- 0.37448729,0.36883556 +/- 0.014825389,2.3146216 +/- 0.054796308,0.37350193 +/- 0.011077174,2391.5274 +/- 58.936878,3994.0645 +/- 112.81642,-0.082824489 +/- 0.019054146,1.5826193 +/- 0.025426179,33.982282 +/- 0.69218157,0.094531135 +/- 0.0017968203,0.40402571 +/- 0.0082295577
cis-1-3-butadiene_EEF00125-z_SP,Bond 7 from INS: Kinetic Energy Density SCF,full,-0.15812475,826.66352,25.505845,450.43192,900.97397,0.13486048,-0.5255883,0.66044878,0.13756334,-0.94353876,-21.689923,1.0811021,23.25663,1.5667073,4.7361598,30.262773,18.659161,0.74495939,4.719095,0.76300584,4855.6729,8087.8495,-0.13756334,3.2101481,71.064771,-0.038303821,0.78297599,0.078611541,13.619841,0.81797851,6.8264174,10.342127,-0.049081985,-0.04913125,4.9265139e-05,-0.079806535,-0.079890199,-1.1701033,8.3664878e-05,0.024502955,-1.1456003,0.18727411,1.0370497,1.5174046,0.060564076,0.21716319,0.044314275,232.21573,447.30251,0.079806535,0.098645559,2.8912438,0.003246689,0.031753466,-0.19743052 +/- 0.03930577,819.8536 +/- 6.8099203,25.096856 +/- 0.40898925,447.01871 +/- 3.4132087,895.8029 +/- 5.1710634,0.15940147 +/- 0.024540993,-0.50102268 +/- 0.024565625,0.66042415 +/- 2.4632569e-05,0.1774666 +/- 0.039903267,-0.90359366 +/- 0.0399451,-21.104871 +/- 0.58505164,1.0810603 +/- 4.1832439e-05,23.244379 +/- 0.012251478,2.1395074 +/- 0.57280016,4.6425227 +/- 0.093637055,29.744249 +/- 0.51852484,17.900459 +/- 0.75870231,0.71467735 +/- 0.030282038,4.6105134 +/- 0.1085816,0.7408487 +/- 0.022157137,4739.565 +/- 116.10787,7864.1982 +/- 223.65126,-0.1774666 +/- 0.039903267,3.1608253 +/- 0.04932278,69.619149 +/- 1.4456219,-0.039927165 +/- 0.0016233445,0.76709926 +/- 0.015876733
cis-1-3-butadiene_EEF00125-z_SP,Bond 7 from INS: Kinetic Energy Density SCF,C 1: Max (node 6096) from INS: Kinetic Energy Density SCF,-0.078521272,447.49732,13.708187,257.31521,669.55397,0.071917433,-0.25516786,0.3270853,0.063844757,-0.46796743,-12.052318,0.53181219,11.255264,-0.7970533,2.3776526,16.025113,9.182994,0.36981217,2.3713328,0.38318855,2428.3844,4029.0599,-0.063844757,1.6112755,36.75488,-0.12732116,0.37505523,0.037500345,6.8337257,0.45981578,3.3313374,10.162295,-0.023196335,-0.0232456,4.9265139e-05,-0.038354107,-0.038437772,-0.64300744,8.3664878e-05,0.014202916,-0.62880453,0.09624465,0.58337816,0.72088781,0.029031173,0.11056519,0.022290832,116.06201,219.12585,0.038354107,0.051662985,1.5556654,-0.00099844935,0.015874367,-0.097271445 +/- 0.018750173,444.08045 +/- 3.4168629,13.478279 +/- 0.22990789,255.64954 +/- 1.6656687,664.47282 +/- 5.0811477,0.083515601 +/- 0.011598168,-0.24354506 +/- 0.0116228,0.32706066 +/- 2.4632569e-05,0.083021811 +/- 0.019177054,-0.44874855 +/- 0.019218886,-11.730814 +/- 0.32150372,0.53177036 +/- 4.1832439e-05,11.248163 +/- 0.0071014582,-0.48265103 +/- 0.31440226,2.3295302 +/- 0.048122325,15.733424 +/- 0.29168908,8.8225501 +/- 0.36044391,0.35529659 +/- 0.014515587,2.3160502 +/- 0.055282593,0.37204313 +/- 0.011145416,2370.3534 +/- 58.031004,3919.4969 +/- 109.56292,-0.083021811 +/- 0.019177054,1.585444 +/- 0.025831492,35.977047 +/- 0.77783269,-0.12682194 +/- 0.00049922468,0.36711805 +/- 0.0079371834
cis-1-3-butadiene_EEF00125-z_SP,Bond 7 from INS: Kinetic Energy Density SCF,C 2: Max (node 6166) from INS: Kinetic Energy Density SCF,-0.07960348,379.16621,11.797658,193.11671,231.41999,0.062943048,-0.27042044,0.33336349,0.073718579,-0.47557132,-9.6376054,0.5492899,12.001366,2.3637606,2.3585072,14.237661,9.4761672,0.37514721,2.3477622,0.37981729,2427.2885,4058.7896,-0.073718579,1.5988726,34.309891,0.08901734,0.40792076,0.041111196,6.7861149,0.35816273,3.49508,0.17983133,-0.02588565,-0.02588565,0,-0.041452428,-0.041452428,-0.52709584,0,0.010300039,-0.5167958,0.09102946,0.45367153,0.79651681,0.031532903,0.106598,0.022023443,116.15372,228.17666,0.041452428,0.046982574,1.3355785,0.0042451383,0.0158791,-0.10015908 +/- 0.020555598,375.77315 +/- 3.3930574,11.618577 +/- 0.17908136,191.36917 +/- 1.74754,231.33008 +/- 0.089915665,0.075885873 +/- 0.012942825,-0.25747762 +/- 0.012942825,0.33336349 +/- 0,0.094444793 +/- 0.020726214,-0.45484511 +/- 0.020726214,-9.3740575 +/- 0.26354792,0.5492899 +/- 0,11.996216 +/- 0.0051500194,2.6221585 +/- 0.2583979,2.3129925 +/- 0.04551473,14.010825 +/- 0.22683576,9.0779088 +/- 0.39825841,0.35938076 +/- 0.015766452,2.2944632 +/- 0.053299002,0.36880557 +/- 0.011011721,2369.2116 +/- 58.076862,3944.7013 +/- 114.08833,-0.094444793 +/- 0.020726214,1.5753814 +/- 0.023491287,33.642102 +/- 0.66778923,0.086894771 +/- 0.0021225692,0.39998121 +/- 0.0079395498
cis-1-3-butadiene_EEF00125-z_SP,Bond 7 from INS: Volume,full,0.024426751,836.5345,26.565945,455.33798,885.02191,0.016247022,-0.64420176,0.66044878,-0.047243814,-1.1283459,-23.839622,1.0811021,23.25663,-0.5829917,5.0836484,32.299527,22.207907,0.88653756,5.1313207,0.85134587,5302.4976,9003.7322,0.047243814,3.3809567,76.885402,-7.5169549e-05,0.84726221,0.076309053,17.240164,0.9954659,8.189528,15.235787,-0.047381834,-0.048012324,0.0006304901,-0.077568431,-0.078886679,-1.2101907,0.0013182481,0.10854097,-1.1016497,0.20214078,1.1508492,1.5218459,0.060784365,0.23143936,0.046408305,248.84768,469.86256,0.077568431,0.10932417,3.1307727,0.0038629421,0.034333953,-0.013727775 +/- 0.038154526,827.91442 +/- 8.620082,26.068212 +/- 0.49773295,451.24322 +/- 4.094764,877.40401 +/- 7.6178933,0.039937939 +/- 0.023690917,-0.6201956 +/- 0.024006162,0.66013354 +/- 0.00031524505,-0.0084595981 +/- 0.038784215,-1.0889026 +/- 0.039443339,-23.234527 +/- 0.60509534,1.080443 +/- 0.00065912403,23.20236 +/- 0.054270483,-0.032166848 +/- 0.55082486,4.9825781 +/- 0.10107039,31.724102 +/- 0.57542458,21.446984 +/- 0.76092293,0.85614538 +/- 0.030392183,5.015601 +/- 0.11571968,0.82814171 +/- 0.023204152,5178.0738 +/- 124.42384,8768.8009 +/- 234.93128,0.0084595981 +/- 0.038784215,3.3262946 +/- 0.054662083,75.320016 +/- 1.5653863,-0.0020066406 +/- 0.001931471,0.83009524 +/- 0.017166977
cis-1-3-butadiene_EEF00125-z_SP,Bond 7 from INS: Volume,C 1: Max (node 6104) from INS: Volume,0.0015251823,446.85958,14.063532,257.27677,656.06062,0.019074617,-0.30801068,0.3270853,-0.017691121,-0.54950331,-12.945226,0.53181219,11.255264,-1.6899615,2.5309298,17.126881,10.777151,0.43401113,2.5518426,0.42207584,2624.254,4429.6315,0.017691121,1.6867782,39.672871,-0.10194335,0.40483108,0.038912122,8.3686861,0.45666562,3.7867919,13.322453,-0.02419667,-0.024215274,1.8604554e-05,-0.039819521,-0.039847089,-0.62537318,2.7567798e-05,0.017983386,-0.60738979,0.10323543,0.65600888,0.78600181,0.031653406,0.11796845,0.023691259,127.13144,239.35764,0.039819521,0.055852914,1.7143199,0.0017244528,0.017493314,-0.017930879 +/- 0.019456061,442.67523 +/- 4.1843431,13.835199 +/- 0.22833281,255.38338 +/- 1.893396,649.3994 +/- 6.6612263,0.031172952 +/- 0.012098335,-0.29590304 +/- 0.012107637,0.32707599 +/- 9.3022772e-06,0.0022186396 +/- 0.019909761,-0.52957977 +/- 0.019923545,-12.632539 +/- 0.31268659,0.53179841 +/- 1.3783899e-05,11.246273 +/- 0.0089916931,-1.3862666 +/- 0.3036949,2.4793121 +/- 0.051617716,16.798877 +/- 0.32800444,10.38415 +/- 0.39300091,0.41818442 +/- 0.015826703,2.4928584 +/- 0.058984224,0.41023021 +/- 0.011845629,2560.6883 +/- 63.565718,4309.9527 +/- 119.67882,-0.0022186396 +/- 0.019909761,1.6588517 +/- 0.027926457,38.815711 +/- 0.85715996,-0.10280558 +/- 0.00086222639,0.39608443 +/- 0.0087466571
cis-1-3-butadiene_EEF00125-z_SP,Bond 7 from INS: Volume,C 2: Max (node 6166) from INS: Volume,0.022901569,389.67492,12.502414,198.06121,228.96128,-0.0028275953,-0.33619108,0.33336349,-0.029552692,-0.57884259,-10.894396,0.5492899,12.001366,1.1069698,2.5527186,15.172645,11.430756,0.45252644,2.5794781,0.42927003,2678.2436,4574.1007,0.029552692,1.6941785,37.212531,0.10186818,0.44243113,0.037396931,8.871478,0.53880028,4.402736,1.913334,-0.023185164,-0.02379705,0.00061188555,-0.037748909,-0.03903959,-0.5848175,0.0012906803,0.090557579,-0.49425992,0.098905344,0.49484028,0.73584405,0.029130959,0.11347091,0.022717046,121.71624,230.50492,0.037748909,0.053471252,1.4164528,0.0021384893,0.016840639,0.0042031036 +/- 0.018698465,385.23918 +/- 4.435739,12.233013 +/- 0.26940014,195.85984 +/- 2.201368,228.00462 +/- 0.956667,0.0087649867 +/- 0.011592582,-0.32429256 +/- 0.011898525,0.33305755 +/- 0.00030594277,-0.010678238 +/- 0.018874455,-0.5593228 +/- 0.019519795,-10.601987 +/- 0.29240875,0.54864456 +/- 0.00064534013,11.956087 +/- 0.045278789,1.3540998 +/- 0.24712996,2.5032659 +/- 0.049452672,14.925225 +/- 0.24742014,11.062834 +/- 0.36792202,0.43796096 +/- 0.01456548,2.5227427 +/- 0.056735456,0.41791151 +/- 0.011358523,2617.3855 +/- 60.858122,4458.8482 +/- 115.25246,0.010678238 +/- 0.018874455,1.6674429 +/- 0.026735626,36.504305 +/- 0.70822638,0.10079894 +/- 0.0010692447,0.43401081 +/- 0.0084203195
cis-1-3-butadiene_EEF00125-z_SP,Bond 8 from INS: Electron Density SCF,full,0.061735455,2085.0763,85.339458,1320.2457,3148.0029,-0.02404445,-0.38352507,0.35948062,-0.021042182,-0.72506175,-20.377041,0.70401957,20.384571,0.0075298528,2.7542089,37.973632,3225.6005,1.3029545,2.3798504,1.3026574,5698.8264,6956.1796,0.021042182,2.1488941,77.492049,0.062196475,1.3027342,0.028536147,6.3248145,0.42815561,3.3817402,15.97647,-0.017633382,-0.017713527,8.0145644e-05,-0.029263799,-0.029379039,-0.45694599,0.0001152397,0.019855733,-0.43709026,0.085453269,0.55796462,0.54739258,0.022044274,0.09637012,0.018998236,97.046891,176.49135,0.029263799,0.047456797,1.4247099,0.001775131,0.014538067,0.047467381 +/- 0.014268073,2081.9139 +/- 3.1624072,85.12538 +/- 0.21407781,1318.5548 +/- 1.6908701,3140.0147 +/- 7.9882351,-0.015227759 +/- 0.0088166908,-0.37466831 +/- 0.0088567637,0.35944055 +/- 4.0072822e-05,-0.0064102825 +/- 0.0146319,-0.71037223 +/- 0.014689519,-20.148568 +/- 0.228473,0.70396195 +/- 5.7619852e-05,20.374643 +/- 0.0099278667,0.22607498 +/- 0.21854513,2.7114823 +/- 0.042726635,37.69465 +/- 0.27898231,3225.3268 +/- 0.27369629,1.2919324 +/- 0.011022137,2.3316654 +/- 0.04818506,1.2931583 +/- 0.009499118,5650.3029 +/- 48.523445,6867.9339 +/- 88.245676,0.0064102825 +/- 0.0146319,2.1251657 +/- 0.023728399,76.779694 +/- 0.71235494,0.06130891 +/- 0.00088756548,1.2954652 +/- 0.0072690334
cis-1-3-butadiene_EEF00125-z_SP,Bond 8 from INS: Electron Density SCF,C 1: Max (node 6126) from INS: Electron Density SCF,0.0094500917,373.39898,11.098391,173.79413,580.40119,-0.02404445,-0.21831383,0.19426938,-0.021042182,-0.3858134,-9.3585925,0.36477121,9.3661224,0.0075298671,1.8064943,11.103146,7.5228176,0.30295452,1.7921243,0.3026574,1898.0821,3155.4354,0.021042182,1.2011795,29.667525,0.0099111118,0.30273424,0.028536147,6.3248145,0.42815561,3.3817402,15.97647,-0.017633382,-0.017713527,8.0145644e-05,-0.029263799,-0.029379039,-0.45694599,0.0001152397,0.019855733,-0.43709026,0.085453269,0.55796462,0.54739258,0.022044274,0.09637012,0.018998236,97.046891,176.49135,0.029263799,0.047456797,1.4247099,0.001775131,0.014538067,-0.0048179817 +/- 0.014268073,370.23658 +/- 3.1624072,10.884313 +/- 0.21407781,172.10326 +/- 1.6908701,572.41295 +/- 7.9882351,-0.01522776 +/- 0.0088166908,-0.20945706 +/- 0.0088567637,0.1942293 +/- 4.0072822e-05,-0.0064102822 +/- 0.0146319,-0.37112388 +/- 0.014689519,-9.1301195 +/- 0.228473,0.36471359 +/- 5.7619852e-05,9.3561945 +/- 0.0099278667,0.226075 +/- 0.21854513,1.7637677 +/- 0.042726635,10.824164 +/- 0.27898231,7.2491213 +/- 0.27369629,0.29193238 +/- 0.011022137,1.7439393 +/- 0.04818506,0.29315828 +/- 0.009499118,1849.5587 +/- 48.523445,3067.1897 +/- 88.245676,0.0064102822 +/- 0.0146319,1.1774511 +/- 0.023728399,28.95517 +/- 0.71235494,0.0090235463 +/- 0.00088756548,0.2954652 +/- 0.0072690334
cis-1-3-butadiene_EEF00125-z_SP,Bond 8 from INS: Electron Density SCF,H 6: Max (node 5452) from INS: Electron Density SCF,0.052285363,1711.6773,74.241066,1146.4515,2567.6017,2.6718183e-10,-0.16521124,0.16521124,-3.0493297e-10,-0.33924835,-11.018449,0.33924835,11.018449,-1.4337161e-08,0.94771464,26.870486,3218.0777,1,0.58772607,1,3800.7442,3800.7442,3.0493297e-10,0.94771464,47.824524,0.052285364,1,0,0,0,0,0,0,0,0,0,0,0,0,0,0,0,0,0,0,0,0,0,0,0,0,0,0,0,0.052285363 +/- 0,1711.6773 +/- 0,74.241066 +/- 0,1146.4515 +/- 0,2567.6017 +/- 0,2.6718183e-10 +/- 0,-0.16521124 +/- 0,0.16521124 +/- 0,-3.0493297e-10 +/- 0,-0.33924835 +/- 0,-11.018449 +/- 0,0.33924835 +/- 0,11.018449 +/- 0,-1.4337161e-08 +/- 0,0.94771464 +/- 0,26.870486 +/- 0,3218.0777 +/- 0,1 +/- 0,0.58772607 +/- 0,1 +/- 0,3800.7442 +/- 0,3800.7442 +/- 0,3.0493297e-10 +/- 0,0.94771464 +/- 0,47.824524 +/- 0,0.052285364 +/- 0,1 +/- 0
cis-1-3-butadiene_EEF00125-z_SP,Bond 8 from INS: Kinetic Energy Density SCF,full,0.072562342,2083.3142,85.356657,1319.7296,3143.1876,-0.031381437,-0.39086206,0.35948062,-0.032070606,-0.73609017,-20.461505,0.70401957,20.384571,-0.076934157,2.7749536,38.136313,3225.8293,1.3121673,2.4040889,1.3079193,5725.7848,7011.4721,0.032070606,2.1591149,77.923246,0.067852021,1.3071343,0.025618765,7.094655,0.40664171,4.0707568,17.951186,-0.016017269,-0.016607795,0.00059052658,-0.026333036,-0.02747066,-0.40572179,0.0011376238,0.066805273,-0.33891652,0.086274443,0.61102649,0.53850028,0.021686169,0.095889766,0.018648868,98.104854,176.58015,0.026333036,0.048976706,1.4886461,0.0048684739,0.015190486,0.059752959 +/- 0.012809383,2079.7668 +/- 3.5473275,85.153336 +/- 0.20332086,1317.6943 +/- 2.0353784,3134.212 +/- 8.975593,-0.023372802 +/- 0.0080086343,-0.38255816 +/- 0.0083038975,0.35918536 +/- 0.00029526329,-0.018904088 +/- 0.013166518,-0.72235484 +/- 0.01373533,-20.258644 +/- 0.20286089,0.70345076 +/- 0.0005688119,20.351168 +/- 0.033402637,0.092524101 +/- 0.16945826,2.7318164 +/- 0.043137221,37.8308 +/- 0.30551324,3225.56 +/- 0.26925014,1.3013242 +/- 0.010843084,2.356144 +/- 0.047944883,1.2985949 +/- 0.009324434,5676.7324 +/- 49.052427,6923.1821 +/- 88.290077,0.018904088 +/- 0.013166518,2.1346266 +/- 0.024488353,77.178923 +/- 0.74432303,0.065417784 +/- 0.002434237,1.299539 +/- 0.0075952431
cis-1-3-butadiene_EEF00125-z_SP,Bond 8 from INS: Kinetic Energy Density SCF,C 1: Max (node 6126) from INS: Kinetic Energy Density SCF,0.020276978,371.63686,11.11559,173.27812,575.5859,-0.031381437,-0.22565081,0.19426938,-0.032070606,-0.39684182,-9.4430565,0.36477121,9.3661224,-0.076934142,1.8272389,11.265827,7.7515849,0.3121673,1.8163628,0.30791932,1925.0406,3210.7279,0.032070606,1.2114003,30.098722,0.015566658,0.30713427,0.025618765,7.094655,0.40664171,4.0707568,17.951186,-0.016017269,-0.016607795,0.00059052658,-0.026333036,-0.02747066,-0.40572179,0.0011376238,0.066805273,-0.33891652,0.086274443,0.61102649,0.53850028,0.021686169,0.095889766,0.018648868,98.104854,176.58015,0.026333036,0.048976706,1.4886461,0.0048684739,0.015190486,0.0074675958 +/- 0.012809383,368.08953 +/- 3.5473275,10.912269 +/- 0.20332086,171.24274 +/- 2.0353784,566.6103 +/- 8.975593,-0.023372803 +/- 0.0080086343,-0.21734692 +/- 0.0083038975,0.19397411 +/- 0.00029526329,-0.018904088 +/- 0.013166518,-0.38310649 +/- 0.01373533,-9.2401956 +/- 0.20286089,0.3642024 +/- 0.0005688119,9.3327197 +/- 0.033402637,0.092524115 +/- 0.16945826,1.7841017 +/- 0.043137221,10.960314 +/- 0.30551324,7.4823348 +/- 0.26925014,0.30132422 +/- 0.010843084,1.7684179 +/- 0.047944883,0.29859489 +/- 0.009324434,1875.9882 +/- 49.052427,3122.4378 +/- 88.290077,0.018904088 +/- 0.013166518,1.186912 +/- 0.024488353,29.354399 +/- 0.74432303,0.013132421 +/- 0.002434237,0.29953902 +/- 0.0075952431
cis-1-3-butadiene_EEF00125-z_SP,Bond 8 from INS: Kinetic Energy Density SCF,H 6: Max (node 5452) from INS: Kinetic Energy Density SCF,0.052285363,1711.6773,74.241066,1146.4515,2567.6017,2.6718183e-10,-0.16521124,0.16521124,-3.0493297e-10,-0.33924835,-11.018449,0.33924835,11.018449,-1.4337161e-08,0.94771464,26.870486,3218.0777,1,0.58772607,1,3800.7442,3800.7442,3.0493297e-10,0.94771464,47.824524,0.052285364,1,0,0,0,0,0,0,0,0,0,0,0,0,0,0,0,0,0,0,0,0,0,0,0,0,0,0,0,0.052285363 +/- 0,1711.6773 +/- 0,74.241066 +/- 0,1146.4515 +/- 0,2567.6017 +/- 0,2.6718183e-10 +/- 0,-0.16521124 +/- 0,0.16521124 +/- 0,-3.0493297e-10 +/- 0,-0.33924835 +/- 0,-11.018449 +/- 0,0.33924835 +/- 0,11.018449 +/- 0,-1.4337161e-08 +/- 0,0.94771464 +/- 0,26.870486 +/- 0,3218.0777 +/- 0,1 +/- 0,0.58772607 +/- 0,1 +/- 0,3800.7442 +/- 0,3800.7442 +/- 0,3.0493297e-10 +/- 0,0.94771464 +/- 0,47.824524 +/- 0,0.052285364 +/- 0,1 +/- 0
cis-1-3-butadiene_EEF00125-z_SP,Bond 8 from INS: Volume,full,0.034852158,2087.5151,85.262477,1321.1823,3156.681,-0.0062449914,-0.36572561,0.35948062,0.006331841,-0.69768773,-20.085565,0.70401957,20.384571,0.29900612,2.7042181,37.619609,3225.0756,1.2818177,2.3207663,1.289845,5636.1111,6826.5411,-0.006331841,2.124528,76.527933,0.053158923,1.2928962,0.020949619,7.3418833,0.46802992,3.7305877,16.289616,-0.012703302,-0.013647798,0.00094449608,-0.021590083,-0.023498731,-0.45068352,0.0019086472,0.10536883,-0.34531469,0.07938152,0.51775463,0.46624429,0.018776318,0.087640236,0.016721856,91.333041,162.82104,0.021590083,0.045937807,1.2934035,-0.00019240312,0.013198186,0.024377349 +/- 0.01047481,2083.8441 +/- 3.6709416,85.028462 +/- 0.23401496,1319.317 +/- 1.8652938,3148.5362 +/- 8.1448078,0.0001066594 +/- 0.0063516508,-0.35890171 +/- 0.0068238988,0.35900837 +/- 0.00047224804,0.017126883 +/- 0.010795042,-0.68593836 +/- 0.011749365,-19.860223 +/- 0.22534176,0.70306524 +/- 0.00095432362,20.331886 +/- 0.052684415,0.47166346 +/- 0.17265734,2.6645274 +/- 0.03969076,37.360731 +/- 0.25887731,3224.8425 +/- 0.23312215,1.2724295 +/- 0.009388159,2.2769462 +/- 0.043820118,1.2814841 +/- 0.0083609282,5590.4445 +/- 45.66652,6745.1306 +/- 81.410518,-0.017126883 +/- 0.010795042,2.1015591 +/- 0.022968904,75.881231 +/- 0.64670174,0.053255124 +/- 9.6201558e-05,1.2862971 +/- 0.0065990931
cis-1-3-butadiene_EEF00125-z_SP,Bond 8 from INS: Volume,C 1: Max (node 6126) from INS: Volume,-0.017433205,375.83776,11.02141,174.73075,589.07925,-0.0062449916,-0.20051437,0.19426938,0.0063318413,-0.35843937,-9.0671162,0.36477121,9.3661224,0.29900613,1.7565035,10.749123,6.9979582,0.28181769,1.7330402,0.28984505,1835.3668,3025.7969,-0.0063318413,1.1768134,28.703409,0.00087355914,0.29289618,0.020949619,7.3418833,0.46802992,3.7305877,16.289616,-0.012703302,-0.013647798,0.00094449608,-0.021590083,-0.023498731,-0.45068352,0.0019086472,0.10536883,-0.34531469,0.07938152,0.51775463,0.46624429,0.018776318,0.087640236,0.016721856,91.333041,162.82104,0.021590083,0.045937807,1.2934035,-0.00019240312,0.013198186,-0.027908014 +/- 0.01047481,372.16682 +/- 3.6709416,10.787395 +/- 0.23401496,172.86545 +/- 1.8652938,580.93444 +/- 8.1448078,0.00010665913 +/- 0.0063516508,-0.19369047 +/- 0.0068238988,0.19379713 +/- 0.00047224804,0.017126883 +/- 0.010795042,-0.34669001 +/- 0.011749365,-8.8417745 +/- 0.22534176,0.36381689 +/- 0.00095432362,9.313438 +/- 0.052684415,0.47166348 +/- 0.17265734,1.7168127 +/- 0.03969076,10.490246 +/- 0.25887731,6.764836 +/- 0.23312215,0.27242953 +/- 0.009388159,1.6892201 +/- 0.043820118,0.28148412 +/- 0.0083609282,1789.7003 +/- 45.66652,2944.3864 +/- 81.410518,-0.017126883 +/- 0.010795042,1.1538445 +/- 0.022968904,28.056707 +/- 0.64670174,0.0009697607 +/- 9.6201558e-05,0.28629708 +/- 0.0065990931
cis-1-3-butadiene_EEF00125-z_SP,Bond 8 from INS: Volume,H 6: Max (node 5450) from INS: Volume,0.052285363,1711.6773,74.241066,1146.4515,2567.6017,2.6718183e-10,-0.16521124,0.16521124,-3.0493297e-10,-0.33924835,-11.018449,0.33924835,11.018449,-1.4337161e-08,0.94771464,26.870486,3218.0777,1,0.58772607,1,3800.7442,3800.7442,3.0493297e-10,0.94771464,47.824524,0.052285364,1,0,0,0,0,0,0,0,0,0,0,0,0,0,0,0,0,0,0,0,0,0,0,0,0,0,0,0,0.052285363 +/- 0,1711.6773 +/- 0,74.241066 +/- 0,1146.4515 +/- 0,2567.6017 +/- 0,2.6718183e-10 +/- 0,-0.16521124 +/- 0,0.16521124 +/- 0,-3.0493297e-10 +/- 0,-0.33924835 +/- 0,-11.018449 +/- 0,0.33924835 +/- 0,11.018449 +/- 0,-1.4337161e-08 +/- 0,0.94771464 +/- 0,26.870486 +/- 0,3218.0777 +/- 0,1 +/- 0,0.58772607 +/- 0,1 +/- 0,3800.7442 +/- 0,3800.7442 +/- 0,3.0493297e-10 +/- 0,0.94771464 +/- 0,47.824524 +/- 0,0.052285364 +/- 0,1 +/- 0
cis-1-3-butadiene_EEF00125-z_SP,Bond 9 from INS: Electron Density SCF,full,0.083299259,1767.7714,66.803138,1300.7054,1719.85,-0.040111548,-0.39580094,0.35568939,-0.031511218,-0.7352555,-20.635758,0.70374428,21.472772,0.8370147,2.7695356,42.655033,3243.4858,1.3172185,2.3954847,1.3088058,5749.3191,7025.3324,0.031511218,2.151924,79.094875,0.1345458,1.3173469,0.030883883,6.7302091,0.39551292,3.2576943,14.968718,-0.019025426,-0.019060804,3.5377638e-05,-0.031608293,-0.031636128,-0.53653165,2.783422e-05,0.0057138281,-0.53081782,0.082597697,0.49553689,0.61342059,0.024703316,0.094470176,0.018913597,101.01525,189.60737,0.031608293,0.044770503,1.3226878,-0.0016156386,0.01349701,0.067857317 +/- 0.015441941,1764.4063 +/- 3.3651045,66.605382 +/- 0.19775646,1299.0765 +/- 1.6288472,1712.3656 +/- 7.484359,-0.030598835 +/- 0.0095127132,-0.38627054 +/- 0.009530402,0.3556717 +/- 1.7688819e-05,-0.015707072 +/- 0.015804147,-0.71943744 +/- 0.015818064,-20.367492 +/- 0.26826583,0.70373037 +/- 1.391711e-05,21.469915 +/- 0.0028569141,1.1024236 +/- 0.26540891,2.7282368 +/- 0.041298848,42.407265 +/- 0.24776844,3243.1791 +/- 0.30671029,1.3048669 +/- 0.012351658,2.3482496 +/- 0.047235088,1.299349 +/- 0.0094567983,5698.8115 +/- 50.507625,6930.5288 +/- 94.803684,0.015707072 +/- 0.015804147,2.1295387 +/- 0.022385252,78.433531 +/- 0.66134388,0.13535362 +/- 0.00080781931,1.3105984 +/- 0.0067485048
cis-1-3-butadiene_EEF00125-z_SP,Bond 9 from INS: Electron Density SCF,C 1: Max (node 6148) from INS: Electron Density SCF,0.01968364,310.2195,10.74721,154.37636,332.60702,-0.040111548,-0.23076767,0.19065613,-0.031511218,-0.39582168,-9.0014729,0.36431046,9.8384876,0.83701472,1.8331512,11.873423,7.8770146,0.31721853,1.8129523,0.30880581,1920.0562,3196.0695,0.031511218,1.2155396,31.099545,0.070930183,0.3173469,0.030883883,6.7302091,0.39551292,3.2576943,14.968718,-0.019025426,-0.019060804,3.5377638e-05,-0.031608293,-0.031636128,-0.53653165,2.783422e-05,0.0057138281,-0.53081782,0.082597697,0.49553689,0.61342059,0.024703316,0.094470176,0.018913597,101.01525,189.60737,0.031608293,0.044770503,1.3226878,-0.0016156386,0.01349701,0.0042416983 +/- 0.015441941,306.8544 +/- 3.3651045,10.549453 +/- 0.19775646,152.74751 +/- 1.6288472,325.12267 +/- 7.484359,-0.030598834 +/- 0.0095127132,-0.22123727 +/- 0.009530402,0.19063844 +/- 1.7688819e-05,-0.015707072 +/- 0.015804147,-0.38000362 +/- 0.015818064,-8.7332071 +/- 0.26826583,0.36429655 +/- 1.391711e-05,9.8356307 +/- 0.0028569141,1.1024236 +/- 0.26540891,1.7918524 +/- 0.041298848,11.625654 +/- 0.24776844,7.5703043 +/- 0.30671029,0.30486687 +/- 0.012351658,1.7657172 +/- 0.047235088,0.29934901 +/- 0.0094567983,1869.5486 +/- 50.507625,3101.2658 +/- 94.803684,0.015707072 +/- 0.015804147,1.1931543 +/- 0.022385252,30.438202 +/- 0.66134388,0.071738002 +/- 0.00080781931,0.3105984 +/- 0.0067485048
cis-1-3-butadiene_EEF00125-z_SP,Bond 9 from INS: Electron Density SCF,H 5: Max (node 5452) from INS: Electron Density SCF,0.063615619,1457.5519,56.055928,1146.329,1387.2429,-2.1064395e-10,-0.16503327,0.16503327,-1.6028601e-10,-0.33943382,-11.634285,0.33943382,11.634285,-1.8993845e-08,0.93638438,30.781611,3235.6088,1,0.58253238,1,3829.2629,3829.2629,1.6028601e-10,0.93638438,47.995329,0.063615619,1,0,0,0,0,0,0,0,0,0,0,0,0,0,0,0,0,0,0,0,0,0,0,0,0,0,0,0,0.063615619 +/- 0,1457.5519 +/- 0,56.055928 +/- 0,1146.329 +/- 0,1387.2429 +/- 0,-2.1064395e-10 +/- 0,-0.16503327 +/- 0,0.16503327 +/- 0,-1.6028601e-10 +/- 0,-0.33943382 +/- 0,-11.634285 +/- 0,0.33943382 +/- 0,11.634285 +/- 0,-1.8993845e-08 +/- 0,0.93638438 +/- 0,30.781611 +/- 0,3235.6088 +/- 0,1 +/- 0,0.58253238 +/- 0,1 +/- 0,3829.2629 +/- 0,3829.2629 +/- 0,1.6028601e-10 +/- 0,0.93638438 +/- 0,47.995329 +/- 0,0.063615619 +/- 0,1 +/- 0
cis-1-3-butadiene_EEF00125-z_SP,Bond 9 from INS: Kinetic Energy Density SCF,full,0.083558886,1767.3421,66.799501,1300.5649,1719.85,-0.040535996,-0.39622539,0.35568939,-0.031774152,-0.73551844,-20.598785,0.70374428,21.472772,0.87398737,2.7697939,42.673404,3243.5057,1.3180205,2.3955782,1.3088921,5750.28,7027.5325,0.031774152,2.1520096,79.140307,0.13706909,1.3178105,0.03183595,6.7695798,0.39157456,3.1073233,15.155521,-0.019568431,-0.019568431,0,-0.032564653,-0.032564653,-0.57850291,0,0.0058531627,-0.57264975,0.082318007,0.48208746,0.6239559,0.025127588,0.094599632,0.01902566,101.45147,191.45862,0.032564653,0.044266688,1.2918379,-0.0032247465,0.01318221,0.067640911 +/- 0.015917975,1763.9573 +/- 3.3847899,66.603713 +/- 0.19578728,1299.0113 +/- 1.5536616,1712.2722 +/- 7.5777603,-0.03075178 +/- 0.0097842156,-0.38644117 +/- 0.0097842156,0.35568939 +/- 0,-0.015491826 +/- 0.016282326,-0.71923611 +/- 0.016282326,-20.309533 +/- 0.28925146,0.70374428 +/- 0,21.469846 +/- 0.0029265814,1.1603122 +/- 0.28632487,2.7286349 +/- 0.041159004,42.43236 +/- 0.24104373,3243.1937 +/- 0.31197795,1.3054567 +/- 0.012563794,2.3482784 +/- 0.047299816,1.2993793 +/- 0.0095128298,5699.5542 +/- 50.725736,6931.8032 +/- 95.72931,0.015491826 +/- 0.016282326,2.1298763 +/- 0.022133344,78.494388 +/- 0.64591893,0.13868147 +/- 0.0016123732,1.3112194 +/- 0.006591105
cis-1-3-butadiene_EEF00125-z_SP,Bond 9 from INS: Kinetic Energy Density SCF,C 1: Max (node 6148) from INS: Kinetic Energy Density SCF,0.019943267,309.79019,10.743572,154.23591,332.60702,-0.040535995,-0.23119212,0.19065613,-0.031774152,-0.39608462,-8.9645002,0.36431046,9.8384876,0.87398739,1.8334095,11.891793,7.8969293,0.31802053,1.8130458,0.30889213,1921.017,3198.2696,0.031774152,1.2156253,31.144978,0.073453476,0.3178105,0.03183595,6.7695798,0.39157456,3.1073233,15.155521,-0.019568431,-0.019568431,0,-0.032564653,-0.032564653,-0.57850291,0,0.0058531627,-0.57264975,0.082318007,0.48208746,0.6239559,0.025127588,0.094599632,0.01902566,101.45147,191.45862,0.032564653,0.044266688,1.2918379,-0.0032247465,0.01318221,0.004025292 +/- 0.015917975,306.4054 +/- 3.3847899,10.547785 +/- 0.19578728,152.68225 +/- 1.5536616,325.02926 +/- 7.5777603,-0.03075178 +/- 0.0097842156,-0.22140791 +/- 0.0097842156,0.19065613 +/- 0,-0.015491826 +/- 0.016282326,-0.37980229 +/- 0.016282326,-8.6752488 +/- 0.28925146,0.36431046 +/- 0,9.835561 +/- 0.0029265814,1.1603123 +/- 0.28632487,1.7922505 +/- 0.041159004,11.650749 +/- 0.24104373,7.5849514 +/- 0.31197795,0.30545673 +/- 0.012563794,1.765746 +/- 0.047299816,0.2993793 +/- 0.0095128298,1870.2913 +/- 50.725736,3102.5403 +/- 95.72931,0.015491826 +/- 0.016282326,1.1934919 +/- 0.022133344,30.499059 +/- 0.64591893,0.075065849 +/- 0.0016123732,0.3112194 +/- 0.006591105
cis-1-3-butadiene_EEF00125-z_SP,Bond 9 from INS: Kinetic Energy Density SCF,H 5: Max (node 5452) from INS: Kinetic Energy Density SCF,0.063615619,1457.5519,56.055928,1146.329,1387.2429,-2.1064395e-10,-0.16503327,0.16503327,-1.6028601e-10,-0.33943382,-11.634285,0.33943382,11.634285,-1.8993845e-08,0.93638438,30.781611,3235.6088,1,0.58253238,1,3829.2629,3829.2629,1.6028601e-10,0.93638438,47.995329,0.063615619,1,0,0,0,0,0,0,0,0,0,0,0,0,0,0,0,0,0,0,0,0,0,0,0,0,0,0,0,0.063615619 +/- 0,1457.5519 +/- 0,56.055928 +/- 0,1146.329 +/- 0,1387.2429 +/- 0,-2.1064395e-10 +/- 0,-0.16503327 +/- 0,0.16503327 +/- 0,-1.6028601e-10 +/- 0,-0.33943382 +/- 0,-11.634285 +/- 0,0.33943382 +/- 0,11.634285 +/- 0,-1.8993845e-08 +/- 0,0.93638438 +/- 0,30.781611 +/- 0,3235.6088 +/- 0,1 +/- 0,0.58253238 +/- 0,1 +/- 0,3829.2629 +/- 0,3829.2629 +/- 0,1.6028601e-10 +/- 0,0.93638438 +/- 0,47.995329 +/- 0,0.063615619 +/- 0,1 +/- 0
cis-1-3-butadiene_EEF00125-z_SP,Bond 9 from INS: Volume,full,0.041222615,1763.779,66.538335,1299.1507,1719.85,-0.012829625,-0.36851902,0.35568939,0.011359279,-0.69238501,-20.081817,0.70374428,21.472772,1.3909553,2.6872521,42.08834,3242.6652,1.2841712,2.298391,1.2880791,5644.0842,6811.8919,-0.011359279,2.1110938,77.617628,0.12638438,1.3022727,0.027283412,6.4900969,0.38168511,3.1194783,15.722795,-0.016622954,-0.016664568,4.1613981e-05,-0.027934742,-0.027986079,-0.49900855,5.1337218e-05,0.0028580574,-0.49615049,0.074749886,0.43606252,0.54409842,0.021911614,0.085422953,0.01700555,92.662394,172.19846,0.027934742,0.040738787,1.1703692,-0.0030935886,0.011942716,0.027580909 +/- 0.013641706,1760.5339 +/- 3.2450485,66.347493 +/- 0.19084255,1297.591 +/- 1.5597392,1711.9886 +/- 7.8613975,-0.0045181486 +/- 0.0083114768,-0.36018673 +/- 0.0083322838,0.35566859 +/- 2.0806991e-05,0.02532665 +/- 0.013967371,-0.67839197 +/- 0.01399304,-19.832313 +/- 0.24950427,0.70371862 +/- 2.5668609e-05,21.471343 +/- 0.0014290287,1.6390306 +/- 0.24807524,2.6498771 +/- 0.037374943,41.870308 +/- 0.21803126,3242.3931 +/- 0.27204921,1.2732154 +/- 0.010955807,2.2556795 +/- 0.042711477,1.2795763 +/- 0.0085027749,5597.753 +/- 46.331197,6725.7927 +/- 86.099232,-0.02532665 +/- 0.013967371,2.0907244 +/- 0.020369393,77.032444 +/- 0.58518461,0.12793118 +/- 0.0015467943,1.2963014 +/- 0.0059713582
cis-1-3-butadiene_EEF00125-z_SP,Bond 9 from INS: Volume,C 1: Max (node 6142) from INS: Volume,-0.022393004,306.22703,10.482407,152.82172,332.60702,-0.012829625,-0.20348575,0.19065613,0.011359279,-0.35295118,-8.4475323,0.36431046,9.8384876,1.3909554,1.7508677,11.306729,7.0563992,0.28417119,1.7158586,0.28807911,1814.8212,2982.629,-0.011359279,1.1747095,29.622299,0.062768764,0.30227274,0.027283412,6.4900969,0.38168511,3.1194783,15.722795,-0.016622954,-0.016664568,4.1613981e-05,-0.027934742,-0.027986079,-0.49900855,5.1337218e-05,0.0028580574,-0.49615049,0.074749886,0.43606252,0.54409842,0.021911614,0.085422953,0.01700555,92.662394,172.19846,0.027934742,0.040738787,1.1703692,-0.0030935886,0.011942716,-0.03603471 +/- 0.013641706,302.98198 +/- 3.2450485,10.291564 +/- 0.19084255,151.26198 +/- 1.5597392,324.74563 +/- 7.8613975,-0.0045181484 +/- 0.0083114768,-0.19515347 +/- 0.0083322838,0.19063532 +/- 2.0806991e-05,0.025326651 +/- 0.013967371,-0.33895814 +/- 0.01399304,-8.198028 +/- 0.24950427,0.3642848 +/- 2.5668609e-05,9.8370586 +/- 0.0014290287,1.6390306 +/- 0.24807524,1.7134927 +/- 0.037374943,11.088698 +/- 0.21803126,6.78435 +/- 0.27204921,0.27321538 +/- 0.010955807,1.6731472 +/- 0.042711477,0.27957634 +/- 0.0085027749,1768.49 +/- 46.331197,2896.5297 +/- 86.099232,-0.025326651 +/- 0.013967371,1.1543401 +/- 0.020369393,29.037115 +/- 0.58518461,0.064315558 +/- 0.0015467943,0.29630138 +/- 0.0059713582
cis-1-3-butadiene_EEF00125-z_SP,Bond 9 from INS: Volume,H 5: Max (node 5446) from INS: Volume,0.063615619,1457.5519,56.055928,1146.329,1387.2429,-2.1064395e-10,-0.16503327,0.16503327,-1.6028601e-10,-0.33943382,-11.634285,0.33943382,11.634285,-1.8993845e-08,0.93638438,30.781611,3235.6088,1,0.58253238,1,3829.2629,3829.2629,1.6028601e-10,0.93638438,47.995329,0.063615619,1,0,0,0,0,0,0,0,0,0,0,0,0,0,0,0,0,0,0,0,0,0,0,0,0,0,0,0,0.063615619 +/- 0,1457.5519 +/- 0,56.055928 +/- 0,1146.329 +/- 0,1387.2429 +/- 0,-2.1064395e-10 +/- 0,-0.16503327 +/- 0,0.16503327 +/- 0,-1.6028601e-10 +/- 0,-0.33943382 +/- 0,-11.634285 +/- 0,0.33943382 +/- 0,11.634285 +/- 0,-1.8993845e-08 +/- 0,0.93638438 +/- 0,30.781611 +/- 0,3235.6088 +/- 0,1 +/- 0,0.58253238 +/- 0,1 +/- 0,3829.2629 +/- 0,3829.2629 +/- 0,1.6028601e-10 +/- 0,0.93638438 +/- 0,47.995329 +/- 0,0.063615619 +/- 0,1 +/- 0
